City,LOC_FINAL,SAL_SP,FROG_SP,SNAKE_SP,LIZARD_SP,TURTLE_SP,RBS_OBS,AMTO_OBS,GRFR_OBS,GART_OBS,FOWL_OBS,BULL_OBS,GRAYTR_OBS,PEEP_OBS,NO_SLIMY,ERAT_OBS,NO_WAT_OBS,NO_DUSK,LINED_OBS,DEKAY_OBS,PAINT_OBS,SNAP_OBS,SKINK_OBS,type,Junevisits,Julyvisits,HABITAT_NUM,forest10,field10,stream10,pond10,area,perimeter,imperv,road_length,CONN100,CONN500,CONN1000,forestcover,wetland_types,species pool,city_imperv,city_forest
Baltimore ,CYLBURN ARBORETUM,1,2,1,0,0,0,2,0,4,0,0,0,0,1,0,0,0,0,0,0,0,0,Single,NA,NA,2,1,1,0,0,1051399,5938,5.843642612,2376.064,0.123,86.931,295.961,62.616,2,23,45.8,14.6
Baltimore ,DRUID HILL PARK,1,2,3,0,1,6,11,0,9,0,5,0,0,0,8,0,0,0,3,0,3,0,Single,13153,11617,3,1,1,0,1,2253568,6403,8.715482841,623.67,0,22.195,207.456,37.099,4,23,45.8,14.6
Baltimore ,FEDERAL HILL PARK,0,0,1,0,0,0,0,0,0,0,0,0,0,0,1,0,0,0,0,0,0,0,Single,904,936,1,0,1,0,0,35742,933,35.18421053,0,0,12.463,162.657,4.842,0,23,45.8,14.6
Baltimore ,FORT MCHENRY NATIONAL MONUMENT,0,2,3,0,2,0,3,0,2,2,0,0,0,0,9,13,0,0,2,12,0,0,Single,693,497,2,0,1,1,0,204797,2393,14.47555556,2845.345,0.001,31.261,184.51,2.84,1,23,45.8,14.6
Baltimore ,GWEN FALLS LEAKIN PARK,1,2,3,0,0,2,1,0,5,0,0,0,0,0,6,2,0,0,5,0,0,0,Multiple,NA,NA,3,1,1,1,0,9042017,46580,3.679753504,34568.464,0,0.059,14.436,63.356,4,23,45.8,14.6
Baltimore ,HERRING RUN PARK,1,0,3,0,0,1,0,0,0,0,1,0,0,0,5,2,0,0,1,0,2,0,Single,7119,6443,3,1,1,1,0,2925784,21877,7.802571166,6579.158,0,0.196,22.534,43.918,5,23,45.8,14.6
Baltimore ,KEYES FIELD,0,0,1,0,0,0,0,0,0,0,0,0,0,0,0,0,0,0,1,0,0,0,Single,567,354,2,1,1,0,0,127141,1675,4.090277778,0,0,0.066,11.007,47.16,0,23,45.8,14.6
Baltimore ,LATROBE PARK,0,0,1,0,0,0,0,0,0,0,0,0,0,0,1,0,0,0,0,0,0,0,Single,584,502,1,0,1,0,0,79243,1517,35.65217391,33.31,0.002,50.494,262.794,10.304,0,23,45.8,14.6
Baltimore ,MASONVILLE COVE,0,3,1,0,3,0,7,4,3,14,7,0,0,0,2,14,0,0,0,9,20,0,Single,NA,NA,3,1,1,1,0,284197,6754,51.62222222,526.389,0,5.171,71.677,4.133,3,23,45.8,14.6
Baltimore ,NORTH WEST PARK,1,0,0,0,0,1,0,0,0,0,0,0,0,0,0,0,0,0,0,0,0,0,Multiple,NA,NA,2,1,1,0,0,177060,2206,4.01010101,16.49,0.299,202.312,510.232,51.838,3,23,45.8,14.6
Baltimore ,PATTERSON PARK,0,2,2,0,1,0,0,1,2,0,27,0,0,0,0,0,0,0,0,0,5,0,Single,3771,3317,2,0,1,0,1,492210,3026,18.20512821,6709.285,0,4.061,90.245,3.742,2,23,45.8,14.6
Baltimore ,STONY RUN PARK,0,1,1,0,0,0,0,0,0,0,0,0,0,0,0,0,0,0,1,0,0,0,Multiple,NA,NA,3,1,1,1,0,64274,1805,8.444444444,664.688,0,40.643,344.891,49.889,1,23,45.8,14.6
Baltimore ,WYMAN PARK,1,2,3,0,1,4,7,12,0,0,0,0,0,0,4,1,0,0,3,0,1,0,Multiple,NA,NA,3,1,1,1,0,311479,4445,8.203539823,1697.409,0.12,102.466,464.485,49.681,1,23,45.8,14.6
Baltimore ,WYMAN PARK DELL,1,0,0,0,0,1,0,0,0,0,0,0,0,0,0,0,0,0,0,0,0,0,Single,833,660,2,1,1,0,0,39023,798,10.6744186,0,0.339,149.855,512.97,35.628,0,23,45.8,14.6
Bronx,Concrete Plant Park,0,0,1,0,0,0,0,0,0,0,0,0,0,0,0,0,0,0,3,0,0,0,Single,534,467,2,0,1,1,0,18984,1227,81.73684211,0,0.006,38.798,235.612,1.421,0,15,57.6,15.8
Bronx,Hunts Point Riverside Park,0,1,0,0,0,0,0,0,0,0,0,0,0,0,0,0,0,0,1,0,0,0,Single,184,341,2,0,1,1,0,6246,415,69.42857143,141.722,0.043,126.426,373.479,5.857,0,15,57.6,15.8
Bronx,New York Botanical Garden/Zoo,2,3,2,0,2,4,0,37,37,0,7,2,0,0,0,0,0,1,0,2,16,0,Single,NA,NA,4,1,1,1,1,2825897,10168,20.08809448,23917.56,0,0.638,64.7,48.808,5,15,57.6,15.8
Bronx,Pelham Bay Park,1,2,4,0,0,0,0,0,2,0,1,1,1,0,0,0,0,0,2,0,0,0,Single,15733,17340,3,1,1,1,0,6697257,17152,8.608730692,20451.797,0,0.007,4.822,42.957,5,15,57.6,15.8
Bronx,Riverdale Park,0,0,1,0,0,0,0,0,0,0,0,0,0,0,0,0,0,0,0,0,0,0,Multiple,NA,NA,2,1,0,1,0,337723,5702,4.678191489,1309.964,0.225,74.358,371.72,70.814,0,15,57.6,15.8
Bronx,Soundview Park,0,0,1,0,0,0,0,0,0,0,0,0,0,0,0,0,0,0,1,0,0,0,Single,8358,8282,3,1,1,1,0,633750,4934,17.61581921,186.32,0.003,15.04,73.654,18.746,0,15,57.6,15.8
Bronx,Van Cortlandt Park,1,2,3,0,2,7,0,0,7,0,7,0,2,0,0,0,0,0,1,3,9,0,Single,14584,13988,3,1,1,0,1,4467730,10171,11.77160121,32040.132,0,6.502,103.539,57.762,4,15,57.6,15.8
Bronx,Wave Hill Public Gardens,1,1,2,0,0,2,0,0,2,2,0,0,0,0,0,0,0,0,1,0,0,0,Single,221,149,2,1,1,0,0,47457,864,8.962264151,714.981,0.6,177.679,596.317,62.189,0,15,57.6,15.8
DC,3 Part Harmony Farm,1,0,0,0,0,2,0,0,0,0,0,0,0,0,0,0,0,0,0,0,0,0,Single,NA,NA,2,1,1,0,0,12073,444,9.071428571,0,0,11.357,132.532,15.857,0,28,44.4,17.3
DC,Anacostia Park,0,0,2,1,4,0,0,0,1,0,0,0,0,0,0,0,0,0,10,1,6,8,Multiple,NA,NA,3,1,1,1,0,490028,56060,16.54810209,2101.546,0.059,45.213,255.935,13.768,1,28,44.4,17.3
DC,Buzzard Point Park,0,0,0,0,1,0,0,0,0,0,0,0,0,0,0,0,0,0,0,0,1,0,Single,NA,NA,2,1,0,1,0,17419,1458,58.94736842,23.008,0.002,99.187,506.713,0,1,28,44.4,17.3
DC,Chesapeake and Ohio Canal,0,2,5,1,1,0,0,0,1,1,0,1,0,0,2,2,0,0,0,0,2,6,Multiple,NA,NA,2,1,0,1,0,1537468,13008,10.35953079,13764.221,0,30.994,215.893,51.158,3,28,44.4,17.3
DC,East Potomac Park,0,0,0,0,1,0,0,0,0,0,0,0,0,0,0,0,0,0,0,0,1,0,Single,NA,NA,2,0,1,1,0,1041533,5490,10.87241379,5111.345,0,32.72,332.398,3.201,1,28,44.4,17.3
DC,Fort Bunker Hill Park,1,0,0,0,0,3,0,0,0,0,0,0,0,0,0,0,0,0,0,0,0,0,Single,178,187,1,1,0,0,0,28398,674,1.967741935,0,0,8.614,118.565,68.032,0,28,44.4,17.3
DC,Fort Circle Park,0,0,0,1,0,0,0,0,0,0,0,0,0,0,0,0,0,0,0,0,0,1,Multiple,NA,NA,2,1,1,0,0,1405837,5420,3.238614496,2747.051,0,17.207,246.675,70.926,1,28,44.4,17.3
DC,Fort Mahan Park,1,0,1,0,0,6,0,0,0,0,0,0,0,0,0,0,0,0,4,0,0,0,Single,464,573,2,1,1,0,0,147464,1933,6.18125,6.677,0,117.519,779.706,61.525,0,28,44.4,17.3
DC,Georgetown Waterfront Park,0,0,1,1,0,0,0,0,0,0,0,0,0,0,1,0,0,0,0,0,0,2,Single,788,795,2,0,1,1,0,27222,1563,78.41935484,35.642,1.376,223.056,744.917,3.194,0,28,44.4,17.3
DC,Glover Archbold Park,2,3,1,1,0,2,6,8,0,0,0,0,0,0,0,0,0,2,0,0,0,2,Multiple,NA,NA,2,1,1,0,0,913673,10735,1.315429688,617.791,0,52.449,395.539,76.109,2,28,44.4,17.3
DC,Heritage Island,0,1,3,1,3,0,0,0,0,1,0,0,0,0,0,0,0,0,4,0,1,8,Single,NA,NA,3,1,1,0,1,57180,1024,0,0,39.403,436.777,1096.903,17.094,1,28,44.4,17.3
DC,Kenilworth Park & Aquatic Gardens,0,7,5,1,4,0,5,68,2,14,28,3,1,0,10,16,0,0,2,58,32,28,Single,453,613,4,1,1,1,1,1482962,8669,9.57,74.445,0.001,127.429,645.161,25.514,5,28,44.4,17.3
DC,Kingman Island,0,1,3,1,1,0,1,0,0,0,0,0,0,0,4,0,0,0,3,0,0,3,Single,NA,NA,4,1,1,1,1,392170,5783,19.4295612,603.152,2.925,292.7,1001.108,17.781,1,28,44.4,17.3
DC,Lady Bird Johnson Park,0,0,2,1,0,0,0,0,0,0,0,0,0,0,1,0,0,0,0,0,0,1,Multiple,NA,NA,3,1,1,1,0,525780,4831,20.94137931,8314.952,0.025,126.852,609.437,16.952,2,28,44.4,17.3
DC,Melvin C Hazen Park,0,1,0,0,0,0,0,0,0,0,0,0,0,0,0,0,0,0,0,0,0,0,Single,559,605,2,1,1,0,0,60235,1219,1.95,0,0.035,97.723,581.38,73.456,1,28,44.4,17.3
DC,National Mall,0,0,0,0,1,0,0,0,0,0,0,0,0,0,0,0,0,0,0,1,0,0,Multiple,NA,NA,4,1,1,1,1,1897445,9883,39.01379638,16359.435,0.011,91.079,494.429,6.261,2,28,44.4,17.3
DC,Pinehurst Parkway Park,1,0,2,0,0,0,0,0,2,0,0,0,0,0,0,0,0,3,0,0,0,0,Multiple,NA,NA,1,1,0,0,0,115696,4120,2.092307692,0,0,22.267,269.687,70.592,1,28,44.4,17.3
DC,Rock Creek Park,3,5,6,1,3,45,36,3,10,1,17,0,0,0,41,22,5,8,5,7,19,0,Multiple,NA,NA,3,1,1,1,0,9401217,41211,3.832631579,37055.79,0,6.131,89.504,70.285,3,28,44.4,17.3
DC,The Yards Park,0,0,0,1,0,0,0,0,0,0,0,0,0,0,0,0,0,0,0,0,0,1,Single,912,695,2,0,1,1,0,36928,1806,86.24390244,86.125,0.216,157.739,554.635,0,1,28,44.4,17.3
DC,Theodore Roosevelt Island,0,6,7,2,2,0,8,18,20,2,0,1,3,0,10,2,0,0,7,5,12,56,Single,NA,NA,3,1,1,1,0,369004,2707,1.651105651,954.756,0.114,105.653,564.784,63.629,3,28,44.4,17.3
DC,Tregaron Conservancy,1,1,0,0,0,1,0,0,0,0,2,0,0,0,0,0,0,0,0,0,0,0,Single,NA,NA,2,1,1,0,0,159376,3072,3.838150289,460.144,0.022,60.602,447.914,62.364,1,28,44.4,17.3
DC,Tudor Place Historic House & Garden,0,0,1,0,0,0,0,0,0,0,0,0,0,0,0,0,0,0,1,0,0,0,Single,162,128,2,1,1,0,0,21583,609,17.04166667,0,0.024,92.217,568.066,37.167,0,28,44.4,17.3
DC,United States Botanical Garden,0,1,0,0,0,0,0,2,0,0,0,0,0,0,0,0,0,0,0,0,0,0,Single,NA,NA,2,1,1,0,0,18163,614,68.38095238,198.264,0,47.475,472.717,0,0,28,44.4,17.3
DC,United States National Arboretum,1,2,7,1,2,0,5,0,3,0,0,0,1,0,4,4,0,1,1,4,1,16,Multiple,NA,NA,4,1,1,1,1,2453075,9485,10.54,11423.169,0.001,117.88,589.815,36.692,4,28,44.4,17.3
DC,Watts Branch Park,0,0,1,0,0,0,0,0,0,0,0,0,0,0,0,0,0,0,1,0,0,0,Multiple,NA,NA,2,1,0,1,0,142597,4544,17.30625,358.021,0,13.88,225.224,30.738,2,28,44.4,17.3
DC,West Potomac Park,0,0,0,0,1,0,0,0,0,0,0,0,0,0,0,0,0,0,0,0,1,0,Single,700,659,2,0,1,1,0,278369,3338,17.39542484,1914.344,0.063,281.761,977.242,8.154,1,28,44.4,17.3
Indianapolis,Broad Ripple Park,0,0,0,0,1,0,0,0,0,0,0,0,0,0,0,0,0,0,0,0,1,0,Single,1027,977,3,1,1,1,0,150213,1628,7.71,2.663,0,4.053,59.133,24.849,1,24,36.6,12.25
Indianapolis,Butler University,0,1,0,0,1,0,0,1,0,0,0,1,0,0,0,0,0,0,0,0,1,0,Single,3526,3705,3,1,1,1,0,486635,3666,9.736549165,859.285,0,20.429,165.922,28.15,2,24,36.6,12.25
Indianapolis,Eagle Creek Park,3,7,3,1,4,16,12,12,4,1,5,2,5,0,0,9,0,0,0,14,4,1,Single,9781,8684,4,1,1,1,1,20428160,28982,3.527813257,42880.111,0,0,0.07,32.1,5,24,36.6,12.25
Indianapolis,Fort Harrison State Park,1,2,1,1,2,4,0,1,0,0,0,1,0,0,0,0,0,0,5,2,1,2,Single,NA,NA,3,1,1,1,0,8021930,17699,3.145470872,8563.244,0,1.247,27.427,46.638,4,24,36.6,12.25
Indianapolis,Franklin Township Community Park,0,0,0,0,1,0,0,0,0,0,0,0,0,0,0,0,0,0,0,1,0,0,Single,41,77,2,0,1,0,1,676529,3500,4.86,648.162,0,0.176,13.301,22.743,4,24,36.6,12.25
Indianapolis,Garfield Park,0,0,1,0,1,0,0,0,0,0,0,0,0,0,0,1,0,0,0,0,1,0,Single,2263,1885,2,0,1,1,0,497305,3279,29.42286751,3449.263,0,0.056,5.598,11.163,1,24,36.6,12.25
Indianapolis,Holliday Park Nature Center,2,0,1,0,0,1,0,0,0,0,0,0,0,0,0,0,0,0,0,0,0,0,Multiple,NA,NA,3,1,1,1,0,405753,2903,8.015521064,539.109,0,3.083,56.686,36.455,2,24,36.6,12.25
Indianapolis,Indianapolis Zoo/White River State Park,0,0,1,0,3,0,0,0,1,0,0,0,0,0,0,0,0,0,0,2,0,0,Multiple,4319,4055,3,1,1,1,0,309396,3046,49.51917404,12.591,0,0.073,8.995,4.737,1,24,36.6,12.25
Indianapolis,Jameson Camp,0,0,1,0,0,0,0,0,0,0,0,0,0,0,0,0,0,0,0,0,0,0,Single,NA,NA,4,1,1,1,1,990948,7473,8.696363636,447.69,0,0,0.018,21.881,3,24,36.6,12.25
Indianapolis,Nina Mason Pulliam EcoLab,0,0,0,0,2,0,0,0,0,0,0,0,0,0,0,0,0,0,0,4,1,0,Single,NA,NA,3,1,1,0,1,296773,2660,10.3,133.844,0,29.107,177.995,39.215,3,24,36.6,12.25
Indianapolis,Oldfileds-Lily House and Gardens,0,1,0,0,0,0,1,0,0,0,0,0,0,0,0,0,0,0,0,0,0,0,Multiple,NA,NA,3,1,1,0,0,738394,3621,4.837408313,1151.128,0,33.902,208.327,26.188,4,24,36.6,12.25
Indianapolis,Paul Ruster Park,0,0,1,0,0,0,0,0,0,0,0,0,0,0,0,0,0,0,1,0,0,0,Multiple,NA,NA,4,1,1,1,1,763930,4452,2.486454653,0,0,0,0.337,31.567,3,24,36.6,12.25
Indianapolis,Skiles Test Nature Park,1,0,0,0,0,2,0,0,0,0,0,0,0,0,0,0,0,0,0,0,0,0,Single,486,387,2,1,1,0,0,335041,2859,1.727762803,0,0,6.113,135.699,46.296,0,24,36.6,12.25
Indianapolis,Southeastway Park,0,3,1,0,0,0,0,3,0,1,1,0,0,0,0,1,0,0,0,0,0,0,Single,905,654,3,1,1,1,0,994713,5260,1.193315266,0,0,0.145,11.191,42.212,4,24,36.6,12.25
Indianapolis,Southwestway Park,0,4,2,0,0,0,0,0,0,2,0,1,1,0,0,0,0,0,0,0,0,0,Single,1024,749,3,1,1,0,1,4006503,11543,1.402521387,834.644,0,0,0.006,29.28,4,24,36.6,12.25
Indianapolis,Town Run Trail Park,0,1,2,1,1,0,0,0,0,0,0,0,0,0,0,0,0,0,1,0,0,2,Single,NA,NA,4,1,1,1,1,1736236,6904,2.46,1748.06,0,0.007,3.724,18.242,4,24,36.6,12.25
"Kings County, NY",Floyd Bennett Field/North Forty/MarinePark,1,2,2,NA,1,0,0,0,6,3,0,1,0,0,0,0,0,0,2,1,0,0,Multiple,NA,NA,3,1,1,1,0,9060251,16178,26.49677291,16515.984,0,28.992,217.643,11.856,6,14,72.2,3.5
"Kings County, NY",Green-Wood Cemetery,1,1,0,NA,2,2,0,0,0,0,7,0,0,0,0,0,0,0,0,0,6,0,Single,219,216,2,0,1,0,1,1754441,5452,25.1801848,0,0,21.374,183.426,25.325,1,14,72.2,3.5
"Kings County, NY",Harbor View Lawn,0,2,0,NA,0,0,0,1,0,0,0,1,0,0,0,0,0,0,0,0,0,0,Single,NA,NA,3,1,1,1,0,20614,638,90.45833333,0,0,0.086,15.094,2.083,0,14,72.2,3.5
"Kings County, NY",McGuire Fields,0,1,0,NA,0,0,0,0,0,1,0,0,0,0,0,0,0,0,0,0,0,0,Single,2501,2210,2,1,1,0,0,1127528,7974,17.20896717,4396.023,0,30.455,316.411,14.679,3,14,72.2,3.5
"Kings County, NY",Point Breeze,0,0,0,NA,1,0,0,0,0,0,0,0,0,0,0,0,0,0,0,1,0,0,Multiple,NA,NA,3,1,1,1,0,453439,4240,28.4970297,3158.577,0,82.554,520.007,3.495,2,14,72.2,3.5
"Kings County, NY",Prospect Park,0,2,0,NA,5,0,0,0,0,1,19,0,0,0,0,0,0,0,0,11,15,0,Multiple,NA,NA,3,1,1,0,1,2184485,6417,12.96703749,9914.336,0,19.12,161.326,40.108,2,14,72.2,3.5
"Kings County, NY",Shore Road Park,0,0,0,NA,1,0,0,0,0,0,0,0,0,0,0,0,0,0,0,0,0,0,Single,918,759,2,1,1,0,0,305179,8235,36.14492754,108.401,0,0.109,13.578,22.435,0,14,72.2,3.5
Manhattan,Carl Schurz Park,0,0,1,0,0,0,0,0,0,0,0,0,0,0,0,0,0,0,4,0,0,0,Single,3917,3014,2,0,1,1,0,57182,1153,38.90625,562.617,0.022,64.187,380.066,31.688,0,15,72,6.1
Manhattan,Central Park,0,1,3,0,3,0,0,0,3,0,31,0,0,0,0,1,0,0,0,4,26,0,Single,NA,NA,4,1,1,1,1,3370820,9860,16.11217949,19556.766,0,7.584,87.508,41.446,3,15,72,6.1
Manhattan,City Hall Park,1,0,0,0,0,0,0,0,0,0,0,0,0,0,0,0,0,1,0,0,0,0,Single,11699,11770,1,1,0,0,0,32973,896,56.69444444,0,0,9.807,60.389,17.056,0,15,72,6.1
Manhattan,Fort Tyron/Washington Park,1,0,2,0,0,4,0,0,0,0,0,0,0,0,0,0,0,0,4,0,0,0,Multiple,NA,NA,3,1,1,1,0,753720,8814,19.86170213,8015.454,0.004,76.482,356.498,44.293,0,15,72,6.1
Manhattan,Highbridge Park,1,0,2,0,0,21,0,0,3,0,0,0,0,0,0,0,0,0,1,0,0,0,Single,810,876,1,1,0,0,0,471835,7077,25.03219697,4547.04,0.005,84.835,372.7,48.182,0,15,72,6.1
Manhattan,Inwood Hill Park,1,2,3,0,1,19,1,0,9,1,0,0,0,0,0,0,0,0,6,0,1,0,Multiple,NA,NA,3,1,1,1,0,814318,4628,10.31007752,3003.321,0,21.589,261.549,59.217,1,15,72,6.1
Manhattan,John V. Lindsay East River Park,1,1,0,0,0,0,0,0,0,1,0,0,0,0,0,0,0,0,0,0,0,0,Single,4686,4587,2,0,1,1,0,156697,3998,51.23295455,0,0,1.703,25.164,5.466,0,15,72,6.1
Manhattan,Morningside Park,0,1,1,0,0,0,0,0,0,0,5,0,0,0,0,0,0,0,4,0,0,0,Single,4135,3695,3,1,1,0,1,136160,2411,25.93377483,489.055,0,10.566,173.452,33.43,0,15,72,6.1
Manhattan,Roosevelt Island Garden Club,2,0,0,0,0,1,0,0,0,3,0,0,0,0,0,0,0,0,0,0,0,0,Single,NA,NA,2,0,1,1,0,9597,455,50,0,0.055,62.368,312.507,17.455,0,15,72,6.1
Manhattan,Trinity Church Cemetary,0,0,1,0,0,0,0,0,1,0,0,0,0,0,0,0,0,0,0,0,0,0,Single,383,371,2,1,1,0,0,67932,1338,34.36842105,128.194,0,13.763,174.017,32.934,0,15,72,6.1
Manhattan,Wards Island Park,0,1,1,0,0,0,0,0,0,1,0,0,0,0,0,0,0,0,6,0,0,0,Multiple,7413,5968,2,0,1,1,0,258014,3150,48.91578947,786.367,0,9.662,131.507,5.14,0,15,72,6.1
Philadelphia,Awbury Arboretum,0,0,1,0,0,0,0,0,0,0,0,0,0,0,0,0,0,0,4,0,0,0,Single,91,57,2,1,1,0,0,217732,2186,2.424489796,375.935,0,12.7,202,48.229,0,32,50.2,12.47
Philadelphia,Bartram's Gardens,0,1,2,0,0,0,2,0,11,0,0,0,0,0,0,0,0,0,4,0,0,0,Single,893,860,3,1,1,1,0,173386,2238,7.21875,415.619,0,20.6,226,22.052,2,32,50.2,12.47
Philadelphia,Benjamin Rush State Park,0,1,2,0,0,0,0,0,1,0,0,1,0,0,0,0,0,0,2,0,0,0,Single,1808,1544,3,1,1,1,0,1279387,9146,1.444912281,0,0,0,0.968,37.292,4,32,50.2,12.47
Philadelphia,Bouvier Garden,0,0,1,0,0,0,0,0,0,0,0,0,0,0,0,0,0,0,2,0,0,0,Single,NA,NA,1,0,1,0,0,446,87,53.34501178,0,0,8.81,146,0,0,32,50.2,12.47
Philadelphia,Carpenter's Woods,2,2,1,0,0,3,4,1,7,0,0,0,0,0,0,0,0,0,0,0,0,0,Single,267,223,2,1,0,0,1,162391,2072,0.556179775,115.904,0.003,196.879,890.8,74.876,1,32,50.2,12.47
Philadelphia,Clifford Park,1,0,0,0,0,1,0,0,0,0,0,0,0,0,0,0,0,0,0,0,0,0,Single,1298,1298,3,1,1,1,0,242989,2329,5.906716418,1546.908,0,30,355,53.563,1,32,50.2,12.47
Philadelphia,Cobbs Creek Park,1,2,3,0,1,1,4,1,3,0,0,0,0,0,0,2,0,0,6,0,2,0,Single,16360,16988,3,1,1,1,0,2039424,14944,7.278833407,2023.024,0,1.69,57.4,34.055,3,32,50.2,12.47
Philadelphia,Fairmount Park ,1,2,2,0,3,8,0,2,4,0,6,0,0,0,0,0,0,0,10,2,3,0,Single,15551,15373,4,1,1,1,1,8090776,13507,16.53089685,61349.845,0,11.5,108,30.002,5,32,50.2,12.47
Philadelphia,FDR Park,0,1,2,0,1,0,0,0,4,0,2,0,0,0,2,0,0,0,0,2,0,0,Single,NA,NA,4,1,1,1,1,1269018,4539,12.28348689,0,0,0.293,23.5,14.751,4,32,50.2,12.47
Philadelphia,Fernhill Park,0,0,1,0,0,0,0,0,0,0,0,0,0,0,0,0,0,0,2,0,0,0,Single,2657,2423,2,1,1,0,0,210755,1850,17.27777778,2524.427,0,16.1,186,22.944,0,32,50.2,12.47
Philadelphia,Fort Mifflin,0,0,1,0,3,0,0,0,1,0,0,0,0,0,0,0,0,0,0,14,2,0,Single,NA,NA,2,0,1,1,0,131247,2368,17.62937063,0,0,0.468,37.4,11.741,4,32,50.2,12.47
Philadelphia,GERMANY HILL PARK,0,0,1,0,0,0,0,0,1,0,0,0,0,0,0,0,0,0,0,0,0,0,Single,NA,NA,1,1,0,0,0,81567,1647,1.923913043,44.696,0,32.2,409,63.88,0,32,50.2,12.47
Philadelphia,John Heinz National Wildlife Refuge,0,5,4,0,5,0,7,4,29,0,9,0,2,0,2,18,0,0,12,151,42,0,Multiple,NA,NA,4,1,1,1,1,4986478,13984,1.122765842,138.996,0,0.021,5.24,13.543,5,32,50.2,12.47
Philadelphia,Juniata Golf Club,0,0,1,0,0,0,0,0,2,0,0,0,0,0,0,0,0,0,0,0,0,0,Single,1076,853,3,1,1,1,0,445664,3142,6.704,0,0,5.27,89.6,20.292,1,32,50.2,12.47
Philadelphia,Kaskey Park,0,1,1,0,0,0,0,0,0,0,12,0,0,0,0,0,0,0,4,0,0,0,Single,NA,NA,1,1,0,0,0,10787,458,26.8,0,4.84,271,624,36,0,32,50.2,12.47
Philadelphia,Lardner's Point Park,0,1,2,1,0,0,0,0,0,0,1,0,0,0,2,0,0,0,8,0,0,4,Single,153,140,2,0,1,1,0,27798,897,17.6875,0,0,0.107,20.8,13.531,0,32,50.2,12.47
Philadelphia,Libery Lands Public Park,0,0,1,0,0,0,0,0,0,0,0,0,0,0,0,0,0,0,2,0,0,0,Single,NA,NA,2,1,1,0,0,7919,394,30,0,0.002,19.7,96,1.667,0,32,50.2,12.47
Philadelphia,Lorimer Park,0,1,0,0,0,0,2,0,0,0,0,0,0,0,0,0,0,0,0,0,0,0,Multiple,NA,NA,3,1,1,1,0,1074894,8269,0.645973154,425,0,0.162,21.5,68.763,2,32,50.2,12.47
Philadelphia,Monk's Dog Run,0,0,0,0,1,0,0,0,0,0,0,0,0,0,0,0,0,0,0,0,1,0,Single,NA,NA,1,0,1,0,0,20275,602,38.59090909,0,0,0.705,27.8,0,0,32,50.2,12.47
Philadelphia,Morris Arboretum ,0,2,1,0,0,0,1,1,0,0,0,0,0,0,0,0,0,0,0,0,0,0,Single,875,653,3,1,1,1,0,440472,4238,3.417695473,0,0,3.14,98.9,39.679,2,32,50.2,12.47
Philadelphia,Morris Park,0,0,1,0,0,0,0,0,0,0,0,0,0,0,0,2,0,0,0,0,0,0,Single,875,653,3,1,1,1,0,497798,4438,1.883303411,158.023,0,0.295,39.6,63.189,2,32,50.2,12.47
Philadelphia,Neighbors Woodland,0,0,1,0,0,0,0,0,1,0,0,0,0,0,0,0,0,0,0,0,0,0,Single,NA,NA,1,1,0,0,0,1518,156,54,0,0,12.4,268,6,0,32,50.2,12.47
Philadelphia,Penn Park,0,0,1,0,0,0,0,0,0,0,0,0,0,0,0,0,0,0,2,0,0,0,Single,1998,1698,1,0,1,0,0,70609,1436,92.66666667,0,0.133,76.3,333,0,0,32,50.2,12.47
Philadelphia,Penn Treaty Park,0,1,1,0,0,0,0,0,1,0,1,0,0,0,0,0,0,0,0,0,0,0,Single,580,404,2,0,1,1,0,32389,778,27.71052632,0,0.001,9.61,50.2,4.316,1,32,50.2,12.47
Philadelphia,PENNYPACK PARK,2,3,5,0,2,1,7,4,8,0,4,0,0,0,14,10,0,1,6,0,6,0,Multiple,NA,NA,3,1,1,1,0,6520810,38205,3.677374879,9625.463,0,0.099,15.2,59.615,4,32,50.2,12.47
Philadelphia,Philadelphia Zoo,0,0,1,0,0,0,0,0,0,0,0,0,0,0,0,0,0,0,2,0,0,0,Single,7243,4973,3,1,1,0,1,209844,2309,42.21030043,1588.7,0,73.4,526,15.888,1,32,50.2,12.47
Philadelphia,Pleasant Hill Park,0,0,2,0,1,0,0,0,3,0,0,0,0,0,0,0,0,0,4,2,0,0,Single,NA,NA,3,0,1,1,1,175924,2501,21.68717949,0,0,0.165,21.4,10.128,4,32,50.2,12.47
Philadelphia,Schuylkill Center for Environmental Education,5,4,3,0,2,10,17,103,2,0,1,0,0,0,0,2,1,0,0,10,4,0,Single,81,77,3,1,1,1,0,1283985,5172,0.319104269,0,0.021,58.633,288.647,67.538,2,32,50.2,12.47
Philadelphia,Tacony Creek Park,1,2,3,0,2,2,0,3,11,0,13,0,0,0,0,16,0,0,6,2,11,0,Single,5416,4809,3,1,1,1,0,1270904,17366,5.94241573,2240.928,0,3.22,65,48.159,4,32,50.2,12.47
Philadelphia,The Hood Cemetery,1,0,0,0,0,1,0,0,0,0,0,0,0,0,0,0,0,0,0,0,0,0,Single,NA,NA,1,1,0,0,0,4641,305,15.85714286,0,0.098,127,455,44.714,0,32,50.2,12.47
Philadelphia,The Spring Gardens,0,0,1,0,0,0,0,0,0,0,0,0,0,0,0,0,0,0,2,0,0,0,Single,NA,NA,1,0,1,0,0,6797,353,47.11111111,0,0,9.8,178,0,0,32,50.2,12.47
Philadelphia,The Woodlands Community Garden,0,0,2,0,0,0,0,0,1,0,0,0,0,0,0,0,0,0,2,0,0,0,Single,NA,NA,2,1,1,0,0,217144,1944,15.20247934,0,0.861,87.5,353,21.252,0,32,50.2,12.47
Philadelphia,Upper Roxborough Reservoir Preserve,0,1,0,0,0,0,6,0,0,0,0,0,0,0,0,0,0,0,0,0,0,0,Single,NA,NA,2,0,1,0,1,138627,1497,2.551948052,0,0.065,196,787,13.305,2,32,50.2,12.47
Philadelphia,Washington Avenue Green,0,0,2,1,1,0,0,0,3,0,0,0,0,0,0,0,0,0,0,0,0,5,Single,NA,NA,2,1,0,1,0,7708,620,72.88888889,0,0,0.365,27,0,1,32,50.2,12.47
Philadelphia,Water Tower Recreation Center,1,2,1,0,0,1,1,4,0,0,0,0,0,0,0,0,0,0,4,0,0,0,Single,254,157,2,1,1,0,0,20520,654,7.47826087,0,0,19.7,294,12.478,0,32,50.2,12.47
Philadelphia,Wissahickon Valley Park ,4,4,5,0,1,28,42,41,35,0,4,0,0,0,0,36,1,6,4,0,8,0,Multiple,NA,NA,3,1,1,1,0,7592623,36903,1.180837187,21481.769,0,36.6,278,67.971,2,32,50.2,12.47
Philadelphia,Wister Woods Park,1,0,1,0,0,1,0,0,1,0,0,0,0,0,0,0,0,0,0,0,0,0,Single,742,781,2,1,1,0,0,211267,2282,5.743589744,944.88,0.014,28.119,219,49.692,0,32,50.2,12.47
Pittsburgh ,Allegheny Arsenal ,0,2,1,0,1,0,2,0,2,0,1,0,0,0,0,0,0,0,0,0,0,0,Single,NA,NA,2,1,1,0,0,1312806,6179,15.94391245,17800.288,0,6.203,113.38,33.878,0,21,48.5,21.97
Pittsburgh ,Frick Park ,3,3,5,0,0,0,24,3,29,0,0,0,0,3,7,7,6,4,6,0,0,0,Single,4073,3379,3,1,1,0,0,2733671,13843,14.92211633,18997.074,0,3.237,94.385,57.92,1,21,48.5,21.97
Pittsburgh ,Hays Woods Trail,0,0,1,0,0,0,0,0,1,0,0,0,0,0,0,0,0,0,0,0,0,0,Single,NA,NA,3,1,1,1,0,2939658,10449,0.660643185,3063.17,0,9.015,107.575,75.509,1,21,48.5,21.97
Pittsburgh ,Hazelwood Greenway ,0,0,1,0,0,0,0,0,2,0,0,0,0,0,0,0,0,0,0,0,0,0,Single,NA,NA,2,1,1,0,0,386687,2794,4.013986014,899.452,0,31.403,355.505,74.166,0,21,48.5,21.97
Pittsburgh ,Herrs Island North Park ,0,0,1,0,0,0,0,0,1,0,0,0,0,0,0,0,0,0,0,0,0,0,Single,NA,NA,2,0,1,1,0,35767,956,34.12820513,39.51,0,14.672,174.814,13.974,0,21,48.5,21.97
Pittsburgh ,Highland Park/Pittsburgh Zoo ,1,0,1,0,0,0,0,0,1,0,0,0,0,1,0,0,0,0,3,0,0,0,Single,8595,8617,4,1,1,1,1,1509655,9684,23.3787969,7551.458,0,3.402,73.439,38.005,1,21,48.5,21.97
Pittsburgh ,Mt. Washington Park ,0,0,1,0,0,0,0,0,1,0,0,0,0,0,0,0,0,0,0,0,0,0,Single,NA,NA,2,1,1,0,0,1539052,14193,13.96787383,17119.09,0,0.015,9.118,57.088,1,21,48.5,21.97
Pittsburgh ,Riverview Park ,1,0,2,0,0,0,0,0,1,0,0,0,0,1,0,0,0,0,0,0,0,0,Single,1631,1706,2,1,1,0,0,2925781,18167,11.72002453,26240.119,0,0.04,7.215,54.548,0,21,48.5,21.97
Pittsburgh ,Schenley Park ,3,5,3,0,2,0,0,3,9,0,48,1,1,0,0,0,3,0,6,1,1,0,Single,97,108,3,1,1,0,1,1960828,8451,22.93480257,16512.659,0,5.222,151.103,41.249,1,21,48.5,21.97
Queens  ,Alley Pond Park,3,6,2,NA,2,18,3,1,3,14,20,0,5,0,0,0,0,7,1,3,3,0,Single,10667,9656,3,1,1,1,0,2750099,13039,15.60268588,17829.628,0,4.066,85.667,46.34,5,18,50.5,5.11
Queens  ,Baisley Pond Park,0,0,0,NA,1,0,0,0,0,0,0,0,0,0,0,0,0,0,0,0,1,0,Single,NA,NA,2,0,1,0,1,329786,3671,19.6395664,390.455,0,1.492,47.93,13.965,4,18,50.5,5.11
Queens  ,Bowne Park,0,1,0,NA,0,0,0,0,0,0,1,0,0,0,0,0,0,0,0,0,0,0,Single,1644,1506,2,1,0,0,1,49392,930,20.39285714,0,0,7.542,134.516,41.411,1,18,50.5,5.11
Queens  ,College Point Fields,0,1,0,NA,0,0,0,0,0,1,0,0,0,0,0,0,0,0,0,0,0,0,Single,888,750,2,0,1,0,1,134341,2116,62.08609272,7.633,0,2.876,61.085,4.834,3,18,50.5,5.11
Queens  ,Cunningham Park,1,1,0,NA,1,5,0,0,0,0,0,0,0,0,0,0,0,0,0,0,0,0,Single,10417,8948,2,1,1,0,0,2270513,8975,22.19944598,23230.169,0,5.212,122.443,50.771,3,18,50.5,5.11
Queens  ,Flushing Meadows Corona Park,0,0,0,NA,1,0,0,0,0, ,0,0,0,0,0,0,0,0,0,1,0,0,Multiple,NA,NA,3,1,1,0,1,1368427,6936,20.3851706,8423.321,0,5.071,122.587,3.972,5,18,50.5,5.11
Queens  ,Forest Park,1,2,0,NA,0,9,0,0,0,2,0,0,1,0,0,0,0,0,2,0,0,0,Single,16484,16408,3,1,1,0,1,2248343,10151,11.14068745,16547.088,0,1.335,44.24,62.723,3,18,50.5,5.11
Queens  ,Fort Tilden,0,0,3,NA,0,0,0,0,0,0,0,0,0,0,0,0,0,0,2,0,0,0,Single,NA,NA,1,1,0,0,0,33075,818,16.68216216,83.747,0,2.673,42.938,31.216,1,18,50.5,5.11
Queens  ,Francis Lewis Park,0,0,0,NA,1,0,0,0,0,0,0,0,0,0,0,0,0,0,0,0,0,0,Single,1520,1525,3,1,1,1,0,1662756,7788,24.18918919,10034.427,0,0,0.288,15.115,2,18,50.5,5.11
Queens  ,Hook Creek/Idlewild,0,1,2,NA,0,0,0,0,0,2,0,0,0,0,0,0,0,0,2,0,0,0,Multiple,NA,NA,4,1,1,1,1,3570552,13112,17.66817953,4877.013,0,6.016,53.898,12.177,6,18,50.5,5.11
Queens  ,Jamaica Bay Wildlife Refuge,0,1,3,NA,2,0,0,0,2,0,0,9,0,0,0,0,0,0,1,4,1,0,Multiple,NA,NA,3,1,1,0,1,3822794,10935,5.53934967,4347.673,0,0.142,14.621,15.223,4,18,50.5,5.11
Queens  ,Kissena Park,1,0,2,NA,3,0,0,0,1,0,0,0,0,0,0,0,0,0,3,2,1,0,Multiple,NA,NA,3,1,1,0,1,1384671,7914,20.04607398,2604.884,0,5.375,133.815,26.28,2,18,50.5,5.11
Queens  ,Rockaway Community Park,0,0,1,NA,0,0,0,0,0,0,0,0,0,0,0,0,0,0,1,0,0,0,Single,2130,2184,1,0,1,0,0,875369,5525,13.91179487,1032.731,0,0.332,33.209,5.083,2,18,50.5,5.11
Queens  ,Springfield Park,0,1,0,NA,1,0,0,0,0,1,0,0,0,0,0,0,0,0,0,0,1,0,Single,4881,5982,2,0,1,0,1,82001,1467,30.56521739,24.586,0,41.694,314.224,11.293,2,18,50.5,5.11
StatenIsl,Allison Pond Park,1,0,2,NA,1,2,0,0,2,0,0,0,0,0,0,0,0,0,2,0,5,0,Multiple,NA,NA,3,1,1,0,1,344287,4165,10.48691099,425.979,0,0,0.001,59.068,2,18,43.7,19.4
StatenIsl,Bloomingdale Park,1,1,0,NA,0,1,0,1,0,0, ,0,0,0,0,0,0,0,0,0,0,0,Single,5851,7802,3,1,1,0,1,622739,5596,5.885941645,738.683,0,1.261,36.658,67.561,3,18,43.7,19.4
StatenIsl,Blue Heron Park,3,3,1,NA,2,10,0,9,11,0,7,0,3,0,0,0,0,1,0,2,12,0,Single,NA,NA,2,1,0,0,1,1136192,10049,3.035472973,3950.323,0,1.261,36.66,69.479,4,18,43.7,19.4
StatenIsl,Bunker Ponds Park,1,0,0,NA,2,4,0,0,0,0,0,0,0,0,0,0,0,0,0,1,1,0,Multiple,437,376,2,1,0,0,1,345104,5105,5.554934823,821.264,0.087,163.446,452.445,73.294,4,18,43.7,19.4
StatenIsl,Clay Pit Ponds State Park,1,4,2,NA,2,7,0,6,3,4,1,0,2,0,0,1,0,0,0,1,1,0,Single,105,77,3,1,0,0,1,1572274,13500,3.020689655,3093.466,0.087,163.51,460.679,68.562,5,18,43.7,19.4
StatenIsl,Clove Lakes Park,1,1,1,NA,2,2,0,0,2,0,1,0,0,0,0, ,0,0,0,3,7,0,Single,163,218,3,1,1,0,1,816031,5063,12.10828729,829.525,0.087,163.51,460.695,49.938,3,18,43.7,19.4
StatenIsl,Conference House Park,1,3,0,NA,1,1,0,1,0,1,1,0,0,0,0,0,0,0,0,1,0,0,Single,3334,3441,2,1,1,0,0,506631,5015,8.218085106,283.391,0,0.064,9.055,44.248,5,18,43.7,19.4
StatenIsl,Crescent Beach Park,0,0,1,NA,0,0,0,0,0,0,0,0,0,0,0,0,0,0,1,0,0,0,Single,1441,1147,1,0,1,0,0,21208,601,44.30434783,0,0.087,168.558,506.842,9.435,1,18,43.7,19.4
StatenIsl,Fort Hill Park,0,0,1,NA,0,0,0,0,0,0,0,0,0,0,0,0,0,0,1,0,0,0,Single,423,316,1,1,0,0,0,3627,329,14,53.032,0.087,169.819,543.5,45,0,18,43.7,19.4
StatenIsl,Fort Wadsworth Gateway National Park,0,0,1,NA,0,0,0,0,1,0,0,0,0,0,0,0,0,0,0,0,0,0,Multiple,NA,NA,4,1,1,1,1,312588,4985,28.45578231,3160.504,0,6.309,82.824,27.997,1,18,43.7,19.4
StatenIsl,King Fisher Park,1,1,0,NA,0,1,0,0,0,0,0,1,0,0,0,0,0,0,0,0,0,0,Single,1174,1142,2,1,0,0,1,95988,1411,12.94230769,67.12,0.087,170.189,563.376,62.644,3,18,43.7,19.4
StatenIsl,Latourette Park,4,4,5,NA,2,42,0,12,33,0,9,11,17,0,0,11,0,9,0,6,9,0,Multiple,NA,NA,3,1,1,0,1,18804890,43982,5.828747921,36909.117,0,6.691,106.22,39.482,4,18,43.7,19.4
StatenIsl,Lemon Creek Tidal Wetlands,0,0,1,NA,0,0,0,0,1,0,0,0,0,0,0,0,0,0,0,0,0,0,Single,NA,NA,3,1,1,1,0,554444,5561,22.86247544,1585.262,0.087,174.938,637.955,31.564,5,18,43.7,19.4
StatenIsl,Long Pond Park,1,5,1,NA,2,2,2,1,0,26,3,0,3,0,0,0,0,0,0,8,5,0,Single,1082,772,3,1,1,0,1,3087618,8225,10.68269231,8075.438,0,11.629,197.65,44.943,6,18,43.7,19.4
StatenIsl,Ocean Breeze Park,0,1,0,NA,0,0,0,0,0,0,0,0,1,0,0,0,0,0,0,0,0,0,Single,1029,881,3,1,1,0,1,728779,5466,5.125770654,749.921,0,4.887,86.752,17.15,3,18,43.7,19.4
StatenIsl,Ocean View The Cemetery Beautiful,0,0,1,NA,0,0,0,0,1,0,0,0,0,0,0,0,0,0,0,0,0,0,Multiple,NA,NA,3,1,1,0,1,860451,6981,19.17014614,191.491,0.087,175.194,661.374,18.816,3,18,43.7,19.4
StatenIsl,Reed's Basket Willow Swamp Park,2,0,0,NA,0,3,0,0,0,0,0,0,0,0,0,0,0,4,0,0,0,0,Single,850,865,2,1,0,0,1,286240,3849,2.677115987,137.535,0,5.376,117.937,74.251,1,18,43.7,19.4
StatenIsl,Siedenburg Park,1,0,0,NA,0,1,0,0,0,0,0,0,0,0,0,0,0,0,0,0,0,0,Single,1289,1298,2,1,0,0,1,95422,1391,5.047169811,0,0.087,175.767,686.136,63.085,1,18,43.7,19.4
StatenIsl,Snug Harbor Cultural and Botanical Garden,0,0,2,NA,2,0,0,0,2,0,0,0,0,0,0,0,0,0,2,2,1,0,Multiple,NA,NA,3,1,1,0,1,294903,2295,23.43161094,108.022,0.087,174.506,649.48,35.872,3,18,43.7,19.4
StatenIsl,Staten Island Industrial Park,1,0,1,NA,0,1,0,0,1,0,0,0,0,0,0,0,0,0,0,0,0,0,Single,NA,NA,2,1,0,0,1,1183315,6923,10.8805175,4277.217,0,0,0.146,50.97,6,18,43.7,19.4
StatenIsl,Wolfe's Pond Park,1,2,1,NA,1,2,0,1,2,0,1,0,0,0,0,0,0,0,0,2,0,0,Single,501,372,3,1,1,0,1,1039471,5433,6.034234234,1784.707,0.087,200.836,817.154,60.37,6,18,43.7,19.4
